<?xml version="1.0" encoding="UTF-8"?>
<root>
  <item name="BattleConfig" md5="fb936c21b66cc1e7f54435d0ca8832ab" />
  <item name="DisOrderModeExtra" md5="e19cbbebaea7697360e361b96a253249" />
  <item name="Document" md5="232b853de71abd0c3c7bab6e9a393286" />
  <item name="EquipModeExtra" md5="97553a2cbc7498f0e139558b2e60f315" />
  <item name="GuideModeExtra" md5="77b4c95722a8f3d6e3c14f10b27813f6" />
  <item name="LoadRes_Preload" md5="2958b2739a4d8f7fdd54df759cc97a5c" />
  <item name="SingleSurvivalModeExtra" md5="af3da4cd668aec4c49523b36809e0de6" />
  <version name="693.1" />
</root>